crime scene sample number,wl1,wl2,wl3,wl4,wl5,wl6,wl7,wl8,wl9,wl10,wl11,wl12,wl13,wl14,wl15
cs1,0.004852,0.004006,0.003785,0.004823,0.005762,0.006254,0.005812541,0.0044,0.003231,0.002417,0.002374,0.002522,0.002641,0.00304,0.00362
cs2,0.007002,0.005366,0.00441,0.00403,0.00422,0.004856,0.00551,0.003752,0.00331,0.00298,0.003001,0.003361,0.00316,0.003527,0.003138
